{
	"info": {
		"_postman_id": "4a7fa674-1d14-4b8c-a3a2-026315ef67d1",
		"name": "ProdAsturianos_V2",
		"description": "Colección de peticiones para el ejercicio ProdAsturianos_V1.",
		"schema": "https://schema.getpostman.com/json/collection/v2.1.0/collection.json"
	},
	"item": [
		{
			"name": "GET Productos",
			"request": {
				"method": "GET",
				"header": [],
				"url": {
					"raw": "localhost:8080/productos",
					"host": [
						"localhost"
					],
					"port": "8080",
					"path": [
						"productos"
					]
				}
			},
			"response": []
		},
		{
			"name": "GET Producto (uno)",
			"request": {
				"method": "GET",
				"header": [],
				"url": {
					"raw": "localhost:8080/productos/5fe10240dfc2ed05c8043c79",
					"host": [
						"localhost"
					],
					"port": "8080",
					"path": [
						"productos",
						"5fe10240dfc2ed05c8043c79"
					]
				}
			},
			"response": []
		},
		{
			"name": "POST Producto",
			"request": {
				"method": "POST",
				"header": [],
				"body": {
					"mode": "raw",
					"raw": "{\r\n    \"nombre\": \"Salmón ahumado\",\r\n    \"precio\": 4.00,\r\n    \"descripcion\": \"Salmón ahumado para acompañar el pan por la mañana o añadirlo como complemento a la comida. Pescado en noruega\"\r\n}\r\n",
					"options": {
						"raw": {
							"language": "json"
						}
					}
				},
				"url": {
					"raw": "localhost:8080/productos",
					"host": [
						"localhost"
					],
					"port": "8080",
					"path": [
						"productos"
					]
				}
			},
			"response": []
		},
		{
			"name": "POST Comentario",
			"request": {
				"method": "POST",
				"header": [],
				"body": {
					"mode": "raw",
					"raw": "{\r\n    \"nombredelusuario\": \"Iván\",\r\n    \"comentario\": \"Oye pues ni tan mal los huevos! :)\"\r\n}",
					"options": {
						"raw": {
							"language": "json"
						}
					}
				},
				"url": {
					"raw": "localhost:8080/productos/comentarios/5fe10240dfc2ed05c8043c79",
					"host": [
						"localhost"
					],
					"port": "8080",
					"path": [
						"productos",
						"comentarios",
						"5fe10240dfc2ed05c8043c79"
					]
				}
			},
			"response": []
		},
		{
			"name": "PUT Producto",
			"request": {
				"method": "PUT",
				"header": [],
				"body": {
					"mode": "raw",
					"raw": "{\r\n    \"nombre\": \"Huevos\",\r\n    \"precio\": 3.75,\r\n    \"descripcion\": \"Huevos campesinos ideales para el desayuno. Producidos por gallinas camperas del oeste de Madrid.\"\r\n}",
					"options": {
						"raw": {
							"language": "json"
						}
					}
				},
				"url": {
					"raw": "localhost:8080/productos/5fe10240dfc2ed05c8043c79",
					"host": [
						"localhost"
					],
					"port": "8080",
					"path": [
						"productos",
						"5fe10240dfc2ed05c8043c79"
					]
				}
			},
			"response": []
		},
		{
			"name": "DELETE Producto",
			"request": {
				"method": "DELETE",
				"header": [],
				"url": {
					"raw": "localhost:8080/productos/5fe102a3dfc2ed05c8043c7c",
					"host": [
						"localhost"
					],
					"port": "8080",
					"path": [
						"productos",
						"5fe102a3dfc2ed05c8043c7c"
					]
				}
			},
			"response": []
		},
		{
			"name": "DELETE Comentario",
			"request": {
				"method": "DELETE",
				"header": [],
				"url": {
					"raw": "localhost:8080/productos/comentarios/5fe10240dfc2ed05c8043c79/5fe107ba363ead3a149871f2",
					"host": [
						"localhost"
					],
					"port": "8080",
					"path": [
						"productos",
						"comentarios",
						"5fe10240dfc2ed05c8043c79",
						"5fe107ba363ead3a149871f2"
					]
				}
			},
			"response": []
		}
	]
}