[{"id":0,"nombre":"Arepa de queso","precio":"1.25€","descripcion":"Arepa elaborada en Colombia ideal para el desayuno con un café o milo. Elaborado con harina de trigo."},{"id":1,"nombre":"Queso Afuega'l Pitu (Rojo)","precio":"3.99€","descripcion":"Queso sencillo de sabor suave perfecto para tomar como entrante o aperitivo acompañado de una mermelada de Higo o de arándanos. Elaborado artesanalmente con leche pasteurizada de vaca"},{"id":2,"nombre":"Salmón ahumado","precio":"4.00€","descripcion":"Salmón ahumado para acompañar el pan por la mañana o añadirlo como complemento a la comida. Pescado en noruega"},{"id":3,"nombre":"Mermelada de fresa","precio":"0.75€","descripcion":"Mermelada de fresa muy versátil tanto para el desayuno, la merienda, almuerzo etc.... Elaborada con concentrado de fresas al menos un 90%"},{"id":4,"nombre":"Vino tinto","precio":"6.54€","descripcion":"Vino de la mejor calidad perfecto para comidas importante y celebraciones. Elaborado en la vid de Castilla la Mancha."},{"id":5,"nombre":"Cereales de trigo","precio":"1.50€","descripcion":"Cereales de trigo que no pueden faltar al desayuno o para cuando te entra el gusanillo. Hecho con trigo de la mejor calidad."}]