{
	"info": {
		"_postman_id": "0bb36af4-a6c7-447a-9cd3-2e7933c99397",
		"name": "ProdAsturianos_V1",
		"description": "Colección de peticiones para el ejercicio ProdAsturianos_V1.",
		"schema": "https://schema.getpostman.com/json/collection/v2.1.0/collection.json"
	},
	"item": [
		{
			"name": "GET Productos",
			"request": {
				"method": "GET",
				"header": [],
				"url": {
					"raw": "localhost:8080/productos",
					"host": [
						"localhost"
					],
					"port": "8080",
					"path": [
						"productos"
					]
				}
			},
			"response": []
		},
		{
			"name": "POST Productos",
			"request": {
				"method": "POST",
				"header": [],
				"body": {
					"mode": "raw",
					"raw": "{\r\n    \"id\": 6,\r\n    \"nombre\": \"Docena de huevos\",\r\n    \"precio\": \"2.75€\",\r\n    \"descripcion\": \"Huevos campesinos ideales para cualquier situación que requiera un huevo frito. Producidos por gallinas camperas del este de Cáceres.\"\r\n}",
					"options": {
						"raw": {
							"language": "json"
						}
					}
				},
				"url": {
					"raw": "localhost:8080/productos",
					"host": [
						"localhost"
					],
					"port": "8080",
					"path": [
						"productos"
					]
				}
			},
			"response": []
		},
		{
			"name": "PUT Productos",
			"request": {
				"method": "PUT",
				"header": [],
				"body": {
					"mode": "raw",
					"raw": "{\r\n    \"nombre\": \"Huevos\",\r\n    \"precio\": \"3.75€\",\r\n    \"descripcion\": \"Huevos campesinos ideales para el desayuno. Producidos por gallinas camperas del oeste de Madrid.\"\r\n}",
					"options": {
						"raw": {
							"language": "json"
						}
					}
				},
				"url": {
					"raw": "localhost:8080/productos/6",
					"host": [
						"localhost"
					],
					"port": "8080",
					"path": [
						"productos",
						"6"
					]
				}
			},
			"response": []
		},
		{
			"name": "DELETE Productos",
			"request": {
				"method": "DELETE",
				"header": [],
				"url": {
					"raw": "localhost:8080/productos/6",
					"host": [
						"localhost"
					],
					"port": "8080",
					"path": [
						"productos",
						"6"
					]
				}
			},
			"response": []
		},
		{
			"name": "GET Product (one)",
			"request": {
				"method": "GET",
				"header": [],
				"url": {
					"raw": "localhost:8080/productos/5",
					"host": [
						"localhost"
					],
					"port": "8080",
					"path": [
						"productos",
						"5"
					]
				}
			},
			"response": []
		}
	],
	"protocolProfileBehavior": {}
}